$ICAO,$Registration,$Operator,$Type,$ICAO Type,#CMPG,$Tag 1,$#Tag 2,$#Tag 3,Category
01801C,5A-CAA,Libyan Air Force,Antonov An-74TK-300,A743,Gov,,,,
038F4A,TU-VAJ,Gov of the Ivory Coast,Airbus A320 251NCJSL,A20N,Gov,,,,
03E00A,TR-KPR,Gov of Gabon,Boeing 777,B772,Gov,,,,
04C030,KAF308,Gov of Kenya,Fokker F70-ER,F70,Gov,,,,
07037D,6W-ZEE,Senegalese Air Force,SOCATA TB-30 Epsilon,TB30,Mil,,,,
07037E,6W-ZEF,Senegalese Air Force,SOCATA TB-30 Epsilon,TB30,Mil,,,,
0703FA,6V-SEN,Government of Senegal,Airbus ACJ320-251N,A20N,Gov,,,,
07A001,3DC-SWZ,King Mswati III of Eswatini,McDonnell Douglas DC-9 87,MD87,Gov,,,,
080022,5H-CCM,Government of Tanzania,Fokker F28 3000,F28,Gov,,,,
08401E,TT-ABG,Gov of Chad,Dornier Do 328,J328,Gov,,,,
084F00,TT-ABC,Gov of Chad,McDonnell Douglas MD-87,MD87,Gov,,,,
088005,5V-TAI,Gov of Togo,Fokker F28 1000,F28,Gov,,,,
08CE96,9Q-CLK,Gov of Democratic Republic of Congo,Boeing 707-138B,B701,Gov,,,,
0A404C,7T-VPE,Gov of Algeria,ATR 72-600,AT76,Gov,,,,
0A404D,7T-VPF,Gov of Algeria,ATR 72-600,AT76,Gov,,,,
0AC8FC,FAC5751,Colombian Aerospace Force,Schweizer SA 2-37B,SA37,Mil,,,,
0AC8FD,FAC5754,Colombian Aerospace Force,Schweizer SA 2-37B,SA37,Mil,,,,
0AE03B,MSP007,Costa Rica Police,MD 600N,MD60,Pol,,,,
0AE03C,MSP008,Costa Rica Police,MD 600N,MD60,Pol,,,,
0D031E,XA-MMI,Air One Ambulance,Learjet 25D,LJ25,Civ,,,,
0D0391,XC-HIS,State Gov of Chiapas,Learjet 25D,LJ25,Gov,,,,
0D0897,3931,Mexican Air Force,Cessna Citation I,C501,Mil,,,,
0D0942,FAM-3933,Mexican Air Force,Cessna 501 Citation SP Eagle II,C501,Mil,,,,
0D0943,FAM-3934,Mexican Air Force,Cessna 501 Citation SP Eagle II,C501,Mil,,,,
0D81EC,YV3016,Conviasa,Embraer EMB-190STD,E190,Gov,,,,
141A99,RF-06809,Russian Air Force,Mil Mi-26,MI26,Mil,,,,
14346B,RF-13419,Russian Air Force,Kamov Ka-52,KA52,Mil,,,,
143484,RF-13444,Russian Air Force,Kamov Ka-52,KA52,Mil,,,,
14348A,RF-13450,Russian Air Force,Mil Mi-28 UB,MI28,Mil,,,,
1434B4,RF-13492,Russian Air Force,Mil Mi-28 N,MI28,Mil,,,,
14521D,RF-21021,Tatarstan Police,Kazan Helicopters Ansat-K,ANST,Pol,,,,
1557A0,RA-87968,Russia Special Flight Detachment,Yakovlev Yak-40,YK40,Gov,,,,
1557A4,RA-87972,Russia Special Flight Detachment,Yakovlev Yak-40,YK40,Gov,,,,
155982,RF-88450,Russian Navy,Beriev Be-200ES,BER2,Mil,,,,
155BCF,RA-89039,Russia Special Flight Detachment,Sukhoi Superjet 100-95B,SU95,Gov,,,,
155BEA,RA-89066,Russia Special Flight Detachment,Sukhoi Superjet 100-95B,SU95,Gov,,,,
155BEB,RA-89067,Russia Special Flight Detachment,Sukhoi Superjet 100-95LR,SU95,Gov,,,,
156DCA,RF-93642,Russian Air Force,Ilyushin IL-86 VKP,IL86,Mil,,,,
156DCD,RF-93645,Russian Air Force,Ilyushin IL-86 VKP,IL86,Mil,,,,
157591,RF-95633,Russian Air Force,Mil Mi-28 N,MI28,Mil,,,,
3006A0,I-JACK,Barilla,Honda Jet,HDJT,Civ,,,,
32000C,MM62270,Italian Coast Guard,ATR 42-400MP,AT45,Gov,Maritime Patrol,,,
320012,MM62170,Italian Coast Guard,ATR 42-400MP,AT44,Gov,Maritime Patrol,,,
320013,MM62208,Italian Coast Guard,ATR 42-400MP,AT45,Gov,Maritime Patrol,,,
32002E,MM62311,Italian Customs Police,ATR 72-600MPA,AT76,Gov,Maritime Patrol,,,
33FD34,MM55248,Italian Air Force,Aermacchi T-345,M345,Mil,,,,
33FF12,MM55075,Italian Air Force,Aermacchi MB.339 CD,M339,Mil,,,,
33FF19,MM55067,Italian Air Force,Aermacchi MB.339 CD,M339,Mil,,,,
3423D4,EC-JQE,Mercadona SA,Gulfstream G200,GALX,Civ,,,,
34254B,EC-KBC,Christian Ronaldo,Gulfstream G200,GALX,Civ,,,,
343282,EC-KUL,United Nations,ATR 72-500,AT75,Gov,,,,
343359,EC-LBB,Mercadona SA,Gulfstream G200,GALX,Civ,,,,
3821E9,F-BIPJ,Private,Morane-Saulnier MS.505 Criquet,F156,Civ,,,,
383E7A,F-WWOW,Airbus SE,Airbus A380-841,A388,Civ,,,,
38CE9B,F-AZZK,Flying Heritage Collection,Yakovlev Yak-3 UPW,YK3,Civ,,,,
390EFB,F-PDHZ,Private,Hubertus Verhees Delta 2B,ZZZZ,Civ,,,,
393EF1,F-GPXR,Pixair Survey SAS,Swearingen Merlin,SW3,Civ,,,,
394906,F-GSIG,Aero Photo Europe Investigation,Beech U-21A Ute,U21,Civ,,,,
39646A,F-GZDK,French Air Force,Cerva CE.43 Guepard,CE43,Mil,,,,
3982A5,F-HAVF,Aviation Defence Service,BAE Jetstream 41,JS41,Civ,,,,
39D522,F-HVJC,French Air Force,S.A.N. Jodel D.140R Abeille,D140,Mil,,,,
3B7561,F-UGEX,French Air Force,Dassault Mirage 2000D,MIR2,Mil,,,,
3B75DE,601,French Air Force,Dassault Mirage 2000D,MIR2,Mil,,,,
3B7F72,F-ZAFT,DGA Essais en Vol,Fokker F100,F100,Gov,,,,
3B7F76,301,French Air Force,Dassault Rafale B,RFAL,Gov,,,,
3B7F78,676,French Air Force,Dassault Mirage 2000D,MIR2,Mil,,,,
3C1230,D-AVXB,Airbus SE,Airbus A321-251NSL,A21N,Civ,,,,
3C78AF,D-ANEO,Alexander Abramov,Airbus A319-153NSL,A19N,Civ,,,,
3C8481,D-BADA,Aero-Dienst,Dornier Do 328JET,J328,Civ,,,,
3C8483,D-BADC,Aero-Dienst,Dornier Do 328JET,J328,Civ,,,,
3C94B2,D-BEER,Air Hamburg,Embraer Legacy 500,E550,Civ,,,,
3C992C,D-BFIL,Atlas Spare Parts,Embraer Legacy 450,E545,Civ,,,,
3CBE73,D-BOSS,Air Hamburg,Embraer Praetor 600,E550,Civ,,,,
3D05CC,D-EALG,Private,Lake Buccaneer LA-4-200,LA4,Civ,,,,
3D069D,D-EATH,Private Owner,Piper PA-28 Cherokee,P28A,Civ,,,,
3D0B74,D-ECOY,Private,FWP P.149 D,P149,Civ,,,,
3D0FB6,D-EEEW,Private,Gyroflug Speed Canard SC-01B,SC01,Civ,,,,
3D0FB7,D-EEEX,Private,Gyroflug Speed Canard SC-01B,SC01,Civ,,,,
3D1060,D-EELK,Private,Focke-Wulf Stieglitz FW 44J,FW44,Civ,,,,
3D107C,D-EEMM,Private,Christen Eagle II,EAGL,Civ,,,,
3D16A0,D-EGUY,Private,Gyroflug Speed Canard SC-01B,SC01,Civ,,,,
3D1868,D-EHMM,Private,Great Lakes Sport Trainer 2T-1A-2,G2T1,Civ,,,,
3D1DC0,D-EJNC,Private,Extra EA230,E230,Civ,,,,
3D1EC2,D-EJXA,Private,Xtremeair Sbach XA-42,XA42,Civ,,,,
3D2533,D-EMIL,Private,Focke-Wulf Stieglitz FW 44J,FW44,Civ,,,,
3D2A4E,D-EOGS,Private,Sukhoi Su-29,SU29,Civ,,,,
3D2C78,D-EPCA,Private,Yakovlev Yak-18T,Y18T,Civ,,,,
3D2EFF,D-EQAX,Private,Focke-Wulf Stieglitz FW 44J,FW44,Civ,,,,
3D3131,D-EQWN,Private,Mudry CAP-10 B,CP10,Civ,,,,
3D31CB,D-ERCL,Private,Steen Skybolt,BOLT,Civ,,,,
3D35CD,D-ESPX,Private,Great Lakes Sport Trainer 2T-1A-2,G2T1,Civ,,,,
3D435A,D-EXTI,Private,Xtremeair Sbach XA-41,XA41,Civ,,,,
3D4365,EC-KFV,Private,Extra EA-200,E200,Civ,,,,
3D4545,D-EYMF,Private,WACO YMF-5C,WACF,Civ,,,,
3D5C89,D-FHHH,Private,Grob G-520 T Egrett,EGRT,Civ,,,,
3D7656,D-FRBI,Private,EKW C-3603,C365,Civ,,,,
3D88BA,D-FYAK,Private,Let Yak-11 C-11,YK11,Civ,,,,
3D8EBA,D-GAHM,AHM Airborne Mapping,Tecnam P.2006T,P06T,Civ,,,,
3D9963,D-GEIL,Private,Piper PA-34-220T Seneca V,PA34,Civ,,,,
3E180A,D-IAHM,AHM Airborne Mapping,Tecnam P2012 Traveller,P212,Civ,,,,
3E1A8A,D-IBGC,Geocart,Piper PA-31T2 Cheyenne,PAY2,Civ,,,,
3E3238,D-IKFG,Private,De Havilland DH-89A Dragon Rapide,DH89,Civ,,,,
3E46E5,D-ISAV,Aerodata AG,Cessna 402B,C402,Civ,,,,
3E4712,D-ISCO,Private,Dornier Do 28 G-92 Skyservant,D28T,Civ,,,,
3E477E,D-ISGS,SVEGE Flight Inspection,AP68TP-600 Viator,VTOR,Civ,,,,
3E4AEB,D-ITOL,AVT Airborne Sensing,Cessna T303 Crusader,C303,Civ,,,,
3E854F,10+03,German Air Force,Airbus A350-941,A359,Gov,,,,
3EA12C,10+01,German Air Force,Airbus A350-941,A359,Gov,,,,
3EC25F,D-KOOL,Private,Schleicher ASH 25,AS25,Civ,,,,
3F5407,15+10,German Air Force,Airbus A321-251NX,A21N,Mil,,,,
3F59F3,15+11,German Air Force,Airbus A321-251NX,A21N,Mil,,,,
3F5D91,10+02,German Air Force,Airbus A350-941,A359,Gov,,,,
3FF248,D-MWHE,Private,Murphy Renegade Spirit,RENE,Civ,,,,
400066,VP-CAA,Fiore Aviation,McDonnell Douglas DC-9 87,MD87,Civ,,,,
4005A9,G-ETPK,Empire Test Pilots School,Avro 146-RJ70,RJ70,Civ,,,,
40081A,G-LUXE,Meteorological Research Flight,BAe 146-301,B463,Civ,,,,
400871,G-EPTL,Empire Test Pilots School,Avro 146-RJ70,RJ70,Civ,,,,
4008BA,G-OFOM,Formula One Management,BAe 146 100,B461,Civ,,,,
400910,10669,Philippine Air Force,Fokker F27 500,F27,Mil,,,,
400C04,G-KENZ,Private,Rutan VariEze,VEZE,Civ,,,,
400CAC,G-NOSE,RVL Aviation Ltd,Cessna C402,C402,Civ,,,,
400CAD,G-MIND,RVL Aviation Ltd,Cessna 404 Titan,C404,Civ,,,,
400D26,G-BWSG,Private,BAC Jet Provost T5,JPRO,Civ,,,,
400D37,G-NFLA,Cranfield University,BAe-3102 Jetstream 31,JS31,Civ,,,,
400DE5,G-HIJK,Met Office,Cessna 421 Golden Eagle,C421,Gov,,,,
401003,G-LGEZ,Private,Rutan Long-EZ,LGEZ,Civ,,,,
40100E,G-VANC,Skydive Ireland,GA-8 Airvan,GA8,Civ,,,,
40105F,G-BJED,Draken Intl,Britten-Norman Islander BN-2T,BN2T,Civ,ISR,,,
401073,G-AERV,Private,Miles Whitney Straight M.11A,WHIT,Civ,,,,
4010AF,G-BWLF,RVL Aviation Ltd,Cessna 404 Titan,C404,Civ,,,,
40118A,G-TWSR,Private,Silence Aircraft Twister,TWST,Civ,,,,
401200,G-ABLS,Private,De Havilland DH-80A Puss Moth,DH80,Civ,,,,
401287,G-AJWB,Private,Miles Messenger 2A,MESS,Civ,,,,
4012D9,G-VAND,Skydive Ireland,GA-8 Airvan,GA8,Civ,,,,
4013E2,G-AFZL,Private,Porterfield CP-50,CP65,Civ,,,,
4013F9,G-AGYY,Private,Ryan Recruit ST3-KR,PT22,Civ,,,,
4013FE,G-AHAU,Private,Auster J/1 Autocrat,J1,Civ,,,,
401405,G-AHHH,Private,Auster J/1N Alpha,J1,Civ,,,,
401416,G-AIBW,Private,Auster J/1N Alpha,J1,Civ,,,,
401419,G-AIDL,Cirrus Aviation,De Havilland DH-89A Dragon Rapide,DH89,Civ,,,,
40142B,G-AIYR,Classic Wings,De Havilland DH-89A Dragon Rapide,DH89,Civ,,,,
40144E,G-AKHP,Private,Miles Gemini 1A,GEMI,Civ,,,,
401460,G-ALBK,Private,Taylorcraft Auster V,AUS5,Civ,,,,
401480,G-AMZT,Private,Auster J/5F Aiglet Trainer,AIGT,Civ,,,,
401491,G-ANHX,Private,Auster AOP.5,AUS6,Civ,,,,
4015BB,G-ASFX,Private,Druine Turbulent D.31,D31,Civ,,,,
4015F4,G-ASTG,Private,Nord 1002 Pingouin II,ME08,Civ,,,,
401785,G-AWEX,RVL Aviation Ltd,Piper PA-28 Cherokee,P28A,Civ,,,,
4017C1,G-AWPZ,Private,Andreasson BA-4B,ZZZZ,Civ,,,,
401A4E,G-AAZP,Private,De Havilland DH-80A Puss Moth,DH80,Civ,,,,
401A5E,G-ACMA,Private,De Havilland DH-85 Leopard Moth,DH85,Civ,,,,
401A61,G-ACSS,Shuttleworth Collection,De Havilland DH-88 Comet,DH89,Civ,,,,
401A63,G-ACUS,Private,De Havilland DH-85 Leopard Moth,DH85,Civ,,,,
401A6B,G-ADKC,Private,De Havilland DH-87B Hornet Moth,DH87,Civ,,,,
401A71,G-ADNE,G-ADNE Group,De Havilland DH-87B Hornet Moth,DH87,Civ,,,,
401CF9,G-BFID,Private,Taylor JT-2 Titch,JT2,Civ,,,,
401CFF,G-VROE,Classic Aircraft Trust,Avro Anson C21,ANSN,Civ,,,,
401F83,G-BJAF,Private,Piper L-4A Grasshopper,J3,Civ,,,,
402017,G-BKCV,Private,Amateur Built Acrosport II,ACR2,Civ,,,,
4020C1,G-BLES,Private,Stolp SA.750 Acroduster Too,SA75,Civ,,,,
4020EE,G-BLMN,Private,Rutan Long-Ez,LGEZ,Civ,,,,
40223A,G-LOCH,Private,Piper J-3 C-90 Cub,J3,Civ,,,,
40226D,G-NORD,Private,Nord NC.854,NC85,Civ,,,,
4022B5,G-POPE,Private,Eiri-Avion PIK-20 E,PK20,Civ,,,,
402563,G-WAVE,Private,Grob G 109B,G109,Civ,,,,
4025CB,G-RNHF,Royal Naval Historic Flight,Hawker Sea Fury T20S,FURY,Civ,,,,
4025F2,G-AIGD,Private,Auster J/1N Alpha,J1,Civ,,,,
4025FC,G-AKIU,Classic Aircraft Trust,Percival Proctor 5,PROC,Civ,,,,
402678,G-BMJY,Private,Yakovlev Yak-18A,YK18,Civ,,,,
402701,G-HAIG,Private,Rutan Long-Ez,LGEZ,Civ,,,,
402A39,G-BOBT,Private,Stolp SA.300 Starduster Too,SA30,Civ,,,,
402AA3,G-OYAK,Private,LET Yak-11 C-11,YK11,Civ,,,,
402B2D,G-BOOX,Private,Rutan Long-Ez,LGEZ,Civ,,,,
402ECD,G-BPUR,Private,Piper J-3 L-65 Cub,J3,Civ,,,,
402F0E,G-BRFB,Private,Rutan Long-Ez,LGEZ,Civ,,,,
403085,G-BRWR,Private,Aeronca Chief 11AC,AR11,Civ,,,,
4030B1,G-BRXY,Private,Pietenpol Aircamper,CAMP,Civ,,,,
403147,G-WHRL,Private,Schweizer 269C,H269,Civ,,,,
403180,G-MOUR,Heritage Aircraft Ltd,Folland Gnat T.1,GNAT,Civ,,,,
40331C,G-BSYO,Private,Piper L-4B Grasshopper,J3,Civ,,,,
403347,G-TBAG,Private,Murphy Renegade 912,RENE,Civ,,,,
403348,G-BTAK,Private,Amateur Built Acrosport II,ACR2,Civ,,,,
403510,G-FGID,The Fighter Collection,Goodyear FG-1D Corsair,CORS,Civ,,,,
403563,G-BUCH,Private,Stinson Reliant V-77,RELI,Civ,,,,
4035D3,G-EXTR,The Global Stars,Extra EA-260,E260,Civ,,,,
40382D,G-BVEZ,Private,Hunting Percival Jet Provost T3A,JPRO,Civ,,,,
403850,G-BVGE,Historic Helicopters,Westland Whirlwind,S55T,Civ,,,,
403A16,G-REDX,Private,Experimental Aviation Berkut,BKUT,Civ,,,,
403A81,G-YELL,Private,Murphy Aircraft Murphy Rebel,RBEL,Civ,,,,
403AF7,G-BWGF,Horizon Flight Training,BAC Jet Provost T5A,JPRO,Civ,,,,
403B1A,G-BWHU,Private,Westland Scout AH.1,SCOU,Civ,,,,
403C67,G-AWHK,Propshop,Hispano Buchon HA-1112 M1L,ME09,Civ,,,,
403D06,G-OHAL,Private,Pietenpol Aircamper,CAMP,Civ,,,,
403E59,G-VALS,Private,Pietenpol Aircamper,CAMP,Civ,,,,
404005,G-BYCT,Private,Aero L-29 Delfin,L29,Civ,,,,
40434F,G-XRAF,Private,Raj Hamsa X-Air 582,XAIR,Civ,,,,
4044A7,G-BZSC,Shuttleworth Collection,Sopwith Camel,CAML,Civ,,,,
4045EB,G-CBEL,Anglia Aircraft Restoration,Hawker Iraqi Fury,FURY,Civ,,,,
4045F0,G-HUPW,Private,Hawker Hurricane,HURI,Civ,,,,
404736,G-HRLI,Private,Hawker Hurricane,HURI,Civ,,,,
404865,G-PBYA,Catalina Aircraft,Catalina Canso,CAT,Civ,,,,
4048D3,G-JEJE,Private,Rotary Air Force RAF 2000 GTX-SE,RAF2,Civ,,,,
40491E,G-STCH,German Air Force,Fieseler Fi 156A-1 Storch,F156,Mil,,,,
404A42,G-EHMF,Private,Isaacs Fury II,IFUR,Civ,,,,
404CE3,G-CDDP,Private,Laser Z-230,LAKR,Civ,,,,
404E15,G-EEKY,Horizon Flight Training,Piper PA-28 Cherokee,P28A,Civ,,,,
404E86,G-HHII,Flyaspitfire.com,Hawker Hurricane IIb (2 Seat),HURI,Civ,,,,
404F4A,G-ZVKO,Private,Zivko Edge 360,EDGE,Civ,,,,
404F87,G-CVII,Private,Rihn DR-107 One Design,RODS,Civ,,,,
405000,G-NUTA,Private,Christen Eagle II,EAGL,Civ,,,,
40510C,G-CEHR,Private,Auster Aircraft Auster AOP9,AUS9,Civ,,,,
405667,G-SBOL,Private,Steen Skybolt 1-A,BOLT,Civ,,,,
405911,G-VANX,Skydive Tilstock,GA-8 Airvan,GA8,Civ,,,,
405C40,G-MUZY,Private,Titan Aircraft Mustang,T51,Civ,,,,
405E74,G-TWSS,Private,Silence Aircraft Twister 2L,TWST,Civ,,,,
405FEA,G-GULZ,Private,Christen Eagle II,EAGL,Civ,,,,
406299,G-TWIS,Private,Silence Aircraft Twister,TWST,Civ,,,,
4062CF,G-APRO,Private,Auster Aircraft Auster 6A Tugmaster,AUS6,Civ,,,,
4063D6,G-CGOI,Private,Stewart S-51D,S51D,Civ,,,,
4063F1,G-ASCH,Private,Beagle A.61 Terrier 2,AUS6,Civ,,,,
406481,G-PMIZ,Private Owner,Pitts Special P-12,PTMS,Civ,,,,
4064A5,G-MRJP,Private,Silence Aircraft Twister,TWST,Civ,,,,
406662,G-EVIL,Private Owner,Xtremeair Sbach XA-41,XA41,Civ,,,,
4066D8,G-FMBS,Private,Pitts Special P-12,PTMS,Civ,,,,
406707,G-FUUN,Private,Silence Aircraft Twister,TWST,Civ,,,,
4067A7,G-DLFN,Hunter Flying Ltd,Aero L-29 Delfin,L29,Civ,,,,
406987,G-ENAA,Private,Supermarine Aircraft Spitfire Mk26,SASP,Civ,,,,
40698B,G-RDNY,Private,RotorSport UK Cavalon,CLON,Civ,,,,
4069C9,G-YAKJ,Private Owner,Yakovlev Yak-18T,Y18T,Civ,,,,
4069E3,G-IIJI,Private,Xtremeair Sbach XA-42,XA42,Civ,,,,
406A20,G-HAHU,Private,Yakovlev Yak-18T,Y18T,Civ,,,,
406A67,G-WCME,Private,General Motors Wildcat FM-2,WCAT,Civ,,,,
406B25,G-YROL,Private,RotorSport UK Cavalon,CLON,Civ,,,,
406B70,G-CIFD,Private,Titan Aircraft Mustang,T51,Civ,,,,
406BE5,G-CIGH,Private,Max Holste Broussard MH 1521M,BROU,Civ,,,,
406C1D,G-DHYS,Private,Titan Aircraft Mustang,T51,Civ,,,,
406C65,G-JWMA,Martin Baker Aircraft,Gloster Meteor T7,METR,Civ,,,,
406C6C,G-CIIK,Private,Yakovlev Yak-55,YK55,Civ,,,,
406D00,G-CIMX,Private,Westland Scout AH.1,SCOU,Civ,,,,
406D43,G-COXI,ABD Networks LLP,Xtremeair Sbach XA-42,XA42,Civ,,,,
406D6D,G-ISAC,Private,Isaacs Spitfire,ISPT,Civ,,,,
406DA8,G-JDOG,BC Arrow Ltd,Cessna O-1E Bird Dog,O1,Civ,,,,
407078,G-FION,Private,Titan Aircraft Mustang,T51,Civ,,,,
4070BE,G-HOUR,Private,Max Holste Broussard MH 1521M,BROU,Civ,,,,
407216,G-AWHC,Private,Hispano Buchon HA-1112 M4L,ME09,Civ,,,,
40727E,G-SSTL,Private,Just Aircraft Super STOL,ZZZZ,Civ,,,,
407315,G-IIIF,Red Bull Matadors,Xtremeair Sbach XA-41,XA41,Civ,,,,
407316,G-IIFI,Red Bull Matadors,Xtremeair Sbach XA-41,XA41,Civ,,,,
407336,G-RHOD,Private,Just Aircraft Super STOL,ZZZZ,Civ,,STOL,,
407349,G-IPII,Private,Steen Skybolt 1-A,BOLT,Civ,,,,
4073EB,G-AWHH,Anglia Aircraft Restorations,Hispano Buchon HA-1112 M1L,ME09,Civ,,,,
4073FF,G-VNAM,O-1 Aviation,Cessna O-1A Bird Dog,O1,Civ,,,,
4075AD,G-WSEX,Historic Helicopters,Westland Wessex HU.5,WESX,Civ,,,,
4076C3,G-CLAZ,Detoney Ltd,RotorSport UK Cavalon,CLON,Civ,,,,
4076E5,G-KELT,Acropolis Aviation,Airbus ACJ320-251N,A20N,Civ,,,,
40774D,G-BJYT,Draken Intl,Britten-Norman Islander BN-2T,BN2T,Civ,ISR,,,
407775,G-SEDC,Private,Fairchild F-24 W,FA24,Civ,,,,
4077B6,G-CLLU,Windracers Ltd,UoS Ultra-UAS,UOSUAV,Civ,,,,
4077CC,G-CLDH,Private,Pietenpol Aircamper,CAMP,Civ,,,,
407855,G-VMSO,Private,RotorSport UK Cavalon,CLON,Civ,,,,
407918,G-TEKV,UK Border Force,Tekever AR5,UAV,Gov,,,,
407928,G-CLJW,Royal Air Force,BAC Jet Provost T5A,JPRO,Mil,,,,
407946,G-CLKH,Private,Pietenpol Aircamper,CAMP,Civ,,,,
407951,G-UASA,Bristow Helicopters,Schiebel Camcopter S-100,ZZZZ,Civ,,,,
4079BE,G-SCHW,Private,Schweizer 269C,H269,Civ,,,,
4079EC,G-NXTE,Electroflight,Electric NXT,NXTE,Civ,,,,
407A3E,G-XATW,UK Government,Airbus A321neo,A21N,Gov,,,,
407AFE,G-WNDR,Windracers Ltd,UoS Ultra-UAS,UOSUAV,Civ,,,,
407B39,G-XCAP,Diana Britten,Mudry CAP-232,CP23,Civ,,,,
407C17,G-BLNU,Draken Intl,Britten-Norman Islander R.1,BN2T,Civ,ISR,,,
407C18,G-BLNT,Draken Intl,Britten Norman Islander BN-2T AL.1,BN2T,Civ,ISR,,,
407C1D,G-GAMB,Private,Game Composites Gamebird GB1,GB1,Civ,,,,
407CA7,G-BLNY,Draken Intl,Britten-Norman Islander R.1,BN2T,Civ,ISR,,,
4176E2,2,Myanmar Air Force,Fokker F70,F70,Mil,,,,
424236,VP-BDB,Dallah Al-Baraka,Boeing 737NG-BBJ3,B739,Civ,,,,
424758,VP-CKK,National Air Services,Boeing 737NG-BBJ,B739,Civ,,,,
42477B,VP-CMA,Brilliant Aviation,Boeing 737-MAX8-BBJ,B38M,Civ,,,,
43BE5B,VP-FBQ,British Antarctic Survey,DHC-7 110,DHC7,Civ,,,,
43C146,ZE700,The Royal Squadron,BAe 146-100 VIP,B461,Gov,,,,
43C147,ZE701,The Royal Squadron,BAe 146-100 VIP,B461,Gov,,,,
43C32D,W5856,Fly Navy Heritage Trust,Fairey Swordfish IV,SWOR,Civ,,,,
43C32E,LS326,Fly Navy Heritage Trust,Fairey Swordfish II,SWOR,Civ,,,,
43C32F,VR930,Fly Navy Heritage Trust,Hawker Sea Fury FB11,FURY,Civ,,,,
43C390,LF363,Battle of Britain Flight,Hawker Hurricane IIc,HURI,Mil,,,,
43C391,PZ865,Battle of Britain Flight,Hawker Hurricane IIc,HURI,Mil,,,,
43C392,PA474,Battle of Britain Flight,Avro Lancaster B1,LANC,Mil,,,,
43C704,ZE707,The Royal Squadron,BAe 146-200 C3,B462,Gov,,,,
43C705,ZE708,The Royal Squadron,BAe 146-200 C3,B462,Gov,,,,
43C87A,Tactical,Royal Air Force,Thales Watchkeeper WK450,UAV,Mil,,,,
43C883,Tactical,Royal Air Force,Thales Watchkeeper WK450,UAV,Mil,,,,
43ED5F,2-FUNN,Private,Piper PA-32 R,PA32,Civ,,,,
4400A7,61442,Venezuelan Air Force,Diamond Aircraft DA40-NG,DA40,Mil,,,,
440322,OE-ESA,The Flying Bulls,North American T-28B,T28,Civ,,,,
440323,OE-EAS,The Flying Bulls,Vought F4U Corsair,CORS,Civ,,,,
440442,OE-CCI,Private,Cessna O-1E Bird Dog,O1,Civ,,,,
4405CD,OE-CKW,The Flying Bulls,Aviat Husky,HUSK,Civ,,,,
4405EB,OE-XDM,The Flying Bulls,Bell 47G-3B-1,B47G,Civ,,,,
44066E,OE-XSY,The Flying Bulls,Bristol 171 Sycamore,SYCA,Civ,,,,
4406BC,OE-LDM,The Flying Bulls,Douglas DC-6B,DC6,Civ,,,,
4408E8,OE-ADM,The Flying Bulls,Beech T-34 Mentor,T34P,Civ,,,,
440A11,OE-FAA,The Flying Bulls,Honda Jet,HDJT,Civ,,,,
447D43,3H-DB,Austrian Air Force,Diamond Aircraft DA40-NG,DA40,Mil,,,,
4480A2,OO-162,Private,Silence Aircraft Twister,TWST,Civ,,,,
44A2B2,OO-HUR,Private,Hawker Hurricane IV,HURI,Mil,,,,
44A7D0,OO-I20,Private,Spacek Minisport SD-1 TD,ZZZZ,Civ,,,,
44C1AB,OO-PMK,Zoutman Industries,SOCATA TBM 850,TBM8,Civ,,,,
44C2C1,OO-PVA,Private,Tipsy Nipper T66,NIPR,Civ,,,,
44D294,OO-TTT,Private,Extra EA230,E230,Civ,,,,
44DA62,OO-VSB,Vansteelandt Aerial Survey,Tecnam P.2006T,P06T,Civ,,,,
44DA74,OO-VST,Vansteelandt Aerial Survey,Tecnam P.2006T,P06T,Civ,,,,
458CE4,4,Myanmar Air Force,ATR 42-500,AT45,Mil,,,,
459299,OY-DTY,Private,KZ-VII Laerke U-4,KZ7,Civ,,,,
45AF53,OY-KZS,Private,KZ-VIII Replica,KZ8,Civ,,,,
45C1F4,OY-POT,Private,FWP P.149 D,P149,Civ,,,,
46F801,AC-4,Greek Coast Guard,SOCATA TB20 Trinidad,TB20,Gov,Maritime Patrol,,,
46F803,AC-3,Greek Coast Guard,SOCATA TB20 Trinidad,TB20,Gov,Maritime Patrol,,,
470803,G-MXII,Private Owner,Pitts Monster P-12 (Amateur Built),PTMS,Civ,,,,
47134D,HA-HIB,Skydive Hibaldstow,Dornier Do 28 D2 Skyservant,D28D,Civ,,,,
473B2E,2-SOAR,Private,Alouette Astazou SA.318C,ALO3,Civ,,,,
473D31,HA-XEN,Private,Genevation Aircraft GenPro,GPRO,Civ,,,,
4784B4,LN-DHZ,Royal Norwegian Air Force Historic Flight,De Havilland Vampire T55,VAMP,Civ,,,,
47BC85,LN-DHY,Royal Norwegian Air Force Historic Flight,FFA Vampire FB.6,VAMP,Civ,,,,
480872,A-292,Royal Netherlands Air Force,Alouette III SA.316,ALO3,Mil,,,,
484516,PH-SVY,Slagboom en Peeters Luchtfotografie,Piper PA-31T Cheyenne,PAY2,Civ,,,,
484A58,PH-SLA,Slagboom en Peeters Luchtfotografie,Cessna 180J Skywagon 180,C180,Civ,,,,
484AD2,PH-GRY,RNAF Historic Flight,Fokker Instructor S-11,S11,Civ,,Basic Trainer,,
484BCF,PH-SVX,Slagboom en Peeters Luchtfotografie,Piper PA-31T2 Cheyenne,PAY2,Civ,,,,
48510F,PH-YXY,Private,Velocity XL-5 RG,VELO,Civ,,,,
4851D4,PH-IIJ,Private,Amateur Built Acrosport II,ACR2,Civ,,,,
4851D5,PH-VDK,Private,Sonex Aircraft Onex,ONEX,Civ,,,,
485324,PH-4N3,Private,BLACKSHAPE BS100 Prime,PRIM,Civ,,,,
485372,PH-4P4,Private,BLACKSHAPE BS100 Prime,PRIM,Civ,,,,
485609,PH-4Q1,Private,Blackshape BS100 Prime,PRIM,Civ,,,,
485611,PH-4Q3,Private,Blackshape BS100 Prime,PRIM,Civ,,,,
485694,PH-CGA,Dutch Caribbean Coastguard,DHC-8-106 MPA,DH8A,Gov,Maritime Patrol,,,
4856F3,PH-CGB,Dutch Caribbean Coastguard,DHC-8-106 MPA,DH8A,Gov,Maritime Patrol,,,
485C3F,PH-4S7,Private,Blackshape BS100 Prime,PRIM,Civ,,,,
485C5B,PH-KIO,Kavel 10 Aerial Surveys,Tecnam P.2006T,P06T,Civ,,,,
485FB5,PH-WAG,Private,Fisher Celebrity,CLBR,Civ,,,,
485FD2,PH-TRC,Private,Blackshape Gabriel,GABR,Civ,,,,
486043,PH-TRZ,Private,Blackshape Gabriel,GABR,Civ,,,,
48628E,PH-PSF,Private,Supermarine Aircraft Spitfire Mk26b,SASP,Civ,,,,
489083,SP-EED,Private,Xtremeair Sbach XA-41,XA41,Civ,,,,
489A50,SP-GTR,Private,Xtremeair Sbach XA-42,XA42,Civ,,,,
48AD06,SP-LIG,Polish Air Force,Embraer E175LR,E75S,Gov,,,,
48AD07,SP-LIH,Polish Air Force,Embraer E175LR,E75S,Gov,,,,
48B2D0,SP-MXR,Polish Medical Air Rescue,Learjet 75 Liberty,LJ75,Civ,,,,
498427,1257,Czech Air Force,Yakovlev Yak-40K,YK40,Mil,,,,
498428,260,Czech Air Force,Yakovlev Yak-40K,YK40,Mil,,,,
4A35D2,672,Romanian Border Patrol,Schiebel Camcopter S-100,ZZZZ,Gov,,,,
4A35F9,818,Romanian Border Patrol,Schiebel Camcopter S-100,ZZZZ,Gov,,,,
4A35FA,819,Romanian Border Patrol,Schiebel Camcopter S-100,ZZZZ,Gov,,,,
4A81E6,86001,Swedish Air Force,NA Sabreliner,SBR1,Gov,,,,
4A82F0,60038,Swedish Air Force,SAAB 105 Sk-60B,SB05,Mil,,,,
4A82F9,60063,Swedish Air Force,SAAB 105 Sk-60B,SB05,Mil,,,,
4A82FD,60083,Swedish Air Force,SAAB 105 Sk-60B,SB05,Mil,,,,
4A9302,SE-DXB,Swedish Air Force Historic Flight,Saab J29F Tunnan,SB29,Civ,,,,
4A9307,SE-DXG,Swedish Air Force Historic Flight,Sk 60 Saab 105,SB05,Civ,,,,
4A930E,SE-DXN,Swedish Air Force Historic Flight,AJS 37 Saab 37 Viggen,SB37,Civ,,,,
4A930F,SE-DXO,Swedish Air Force Historic Flight,Sk 37 Saab 37 Viggen,SB37,Civ,,,,
4A9310,SE-DXP,Swedish Air Force Historic Flight,Sk 35C Saab 35 Draken,SB35,Civ,,,,
4A9312,SE-DXR,Swedish Air Force Historic Flight,Saab Draaken J35-J,SB35,Civ,,,,
4A9484,SE-EDD,Swedish Air Force Historic Flight,Sk 50 Saab 91 Safir,SB91,Civ,,,,
4AA248,SE-HRH,Era Alaska,Schweizer 269C,H269,Civ,,,,
4AA295,SE-HTU,Era Alaska,Schweizer 269C,H269,Civ,,,,
4AB241,SE-LRA,SAAB Aircraft,Saab 2000,SB20,Civ,,,,
4AB296,SE-LTV,SAAB Aircraft,Saab 2000,SB20,Civ,,,,
4AC9A4,SE-RMD,Swedish Air Force Historic Flight,J 32 Saab 32 Lansen,SB32,Civ,,,,
4AC9A5,SE-RME,Swedish Air Force Historic Flight,J 32 Saab 32 Lansen,SB32,Civ,,,,
4AE2A9,SE-XUI,Private,SAAB MFI-15,MF17,Civ,,,,
4B0B4F,HB-EHJ,Verein der Freunde des Fieseler Storch,Fieseler Fi 156C-3 Storch,F156,Civ,,,,
4B0B69,HB-EIJ,Private,Morane-Saulnier MS.505 Criquet,F156,Civ,,,,
4B0C0B,HB-EOP,Private,Auster J/1 Autocrat,J1,Civ,,,,
4B0C72,HB-ESO,Verein Historic & Classic Airplanes,Ryan Navion A (L-17B),NAVI,Civ,,,,
4B13F7,HB-HOP,JU-AIR,Junkers Ju-52,JU52,Civ,,,,
4B13FA,HB-HOS,JU-AIR,Junkers Ju-52,JU52,Civ,,,,
4B13FB,HB-HOT,JU-AIR,Junkers Ju-52,JU52,Civ,,,,
4B1B4C,HB-KIU,Private,FWP P.149 D,P149,Civ,,,,
4B208C,HB-MIM,Ariel Ludi,Bucker Bu 133C Jungmeister,BU33,Civ,,,,
4B2196,HB-MSS,Private,Sukhoi Su-26 M2,SU26,Civ,,,,
4B2917,HB-POP,Bundesamt für Zivilluftfahrt,PA-46 350P Malibu,PA46,Civ,,,,
4B2CF0,HB-RAM,Private,Pilatus P-2 06,PP2,Civ,,,,
4B2CF2,HB-RAO,Private,Morane-Saulnier MS.317,MS31,Civ,,,,
4B2D1B,HB-RCD,Private,Pilatus P-3-05,PP3,Civ,,,,
4B2D1C,HB-RCE,Private,Pilatus P-3-05,PP3,Civ,,,,
4B2D1D,HB-RCF,Association Morane Charlie Fox,D-3801 (Morane MS-412),ZZZZ,Civ,,,,
4B2D23,HB-RCL,Private,Pilatus P-3-05,PP3,Civ,,,,
4B2D33,HB-RDB,Private,EKW C-3603,C365,Civ,,,,
4B2D37,HB-RDF,Espace Passion,Dassault Mirage IIID-S,MIRA,Civ,,,,
4B2D38,HB-RDG,Private,General Motors TBM-3R Avenger,TBM,Civ,,,,
4B2D39,HB-RDH,Private,EKW C-3603,C365,Civ,,,,
4B2DC0,HB-RIM,Private,Junkers F 13,F13,Civ,,,,
4B2F0B,HB-RVF,A-Jet AG,F+W Emmen DH-115 Vampire MK55,VAMP,Civ,,,,
4B2F0F,HB-RVJ,Verein De Havilland Flying Group,F+W Emmen DH-115 Vampire MK55,VAMP,Civ,,,,
4B2F13,HB-RVN,Eric Chardonnens,F+W Emmen DH-100 Vampire FB6,VAMP,Civ,,,,
4B2F54,HB-RYA,Private,Yakovlev Yak-9UM,YAK9,Civ,,,,
4B3AB5,HB-WGB,AlpineGyro Ltd,DTA J-RO,GYRO,Civ,,,,
4B3E7A,HB-XRE,Air Glaciers,Aerospatiale Lama SA.315B,LAMA,Civ,,,,
4B3F1E,HB-XXM,Alouette Swiss,Aerospatiale Alouette III SE.316B,ALO3,Civ,,,,
4B4074,HB-YKQ,Private,Slepcev Storch,STOR,Civ,,,,
4B4146,HB-YSS,Fly Vision GmbH,ArrowCopter,GYRO,Civ,,,,
4B42AA,HB-ZGK,Rotex Helicopter AG,Kaman K-1200 K-Max,KMAX,Civ,,,,
4B4432,HB-ZVM,Rotex Helicopter AG,Kaman K-1200 K-Max,KMAX,Civ,,,,
4B820A,93-005,Turkish Air Force,Cessna Citation VII,C650,Mil,,,,
4B82DF,TCB-752,Turkish Navy,ATR 72-600MPA,AT72,Mil,Maritime Patrol,,,
4BCA61,TC-RSA,Redstar Aviation,BAe Jetstream 32-17,JS32,Civ,,,,
4BD130,TC-TIP,Redstar Aviation,Mil Mi-2,MI2,Civ,,,,
4CA7BB,EI-EES,Private,ELA Aviacion ELA 07 Gyrocopter R,ELA7,Civ,,,,
4D0213,LX-DIO,Global Jet Luxembourg,Boeing 737NG-BBJ3,B739,Civ,,,,
4D2295,9H-ATB,Comlux Aviation,Airbus ACJ320-251N,A20N,Civ,,,,
500259,T7-AFS,Franklin Biotech Group,Honda HA-420 Elite,HDJT,Civ,,,,
503C0C,LY-CCP,Private,Yakovlev Yak-18T,Y18T,Civ,,,,
503D0E,LY-AUS,Private,Yakovlev Yak-54B,YK54,Civ,,,,
505C07,OM-BYB,Government of Slovakia,Fokker F100,F100,Gov,,,,
505C08,OM-BYC,Government of Slovakia,Fokker F100,F100,Gov,,,,
51300B,E7-SMS,Gov of Republic of Srpska,Cessna Citation I,C525,Gov,,,,
600BC0,4K-AI08,Gov of Azerbaijan,Airbus ACJ340-642X,A346,Gov,,,,
683063,UP-42721,Gov of Kazakhstan,Yakovlev Yak-42D,YK42,Gov,,,,
683243,UN-95100,Government of Kazakhstan,Sukhoi Superjet 100-95 SBJ,SU95,Gov,,,,
702C1E,S3-ACA,Bangladesh Air Force,Antonov An-32,AN32,Mil,,,,
702C1F,S3-ACB,Bangladesh Air Force,Antonov An-32,AN32,Mil,,,,
702C20,S3-ACD,Bangladesh Air Force,Antonov An-32,AN32,Mil,,,,
704280,9,Myanmar Air Force,ATR 72-500,AT75,Mil,,,,
704282,8,Myanmar Air Force,ATR 72-500,AT75,Mil,,,,
706021,9K-AHI,Gov of Kuwait,Airbus A300-C4-620,A306,Gov,,,,
70604C,9K-GCC,Gov of Kuwait,Boeing 737NG-BBJ3,B739,Gov,,,,
708021,RDPL-34024,Government of Laos,Xian MA60 600,S55T,Gov,,,,
70C0B2,A4O-CX,Royal Oman Police Air Wing,Embraer EMB-175LR,E75L,Pol,,,,
71002E,HZ-SKY,Sky Prime Aviation,Airbus A340-642X,A346,Civ,,,,
710038,HZ-AKF,Saudi Arabian Airlines,Boeing 777,B772,Gov,,,,
71022B,HZ-MF6,Saudi Ministry of Finance,Boeing 737NG,B739,Gov,,,,
710321,HZ-HM1A,Gov of Saudi Arabia,Boeing 747,B743,Gov,,,,
71CC08,HL9408,Incheon Fire & Safety Dept,Bell 230,B230,Gov,,,,
71CE33,HL9633,Jeju Fire Safety Division,KAI KUH-1 Surion EM,SURN,Gov,,,,
71D910,965,Korean National Police Agency,KAI KUH-1P Chamsuri,SURN,Pol,,,,
71D91D,969,Korean National Police Agency,KAI KUH-1P Chamsuri,SURN,Pol,,,,
728618,YI-APX,Government of Iraq,Airbus A300-B4-203,A30B,Gov,,,,
738A4E,514,French Air Force,S.A.N. Jodel D.140R Abeille,D140,Mil,,,,
763B2C,79,Pakistan Navy,ATR 72-500 MPA,AT75,Mil,Maritime Patrol,,,
763B2D,78,Pakistan Navy,ATR 72-500 MPA,AT75,Mil,Maritime Patrol,,,
76E305,720,South African Air Force,Cessna 185A Skywagon,C185,Mil,,,,
77CE26,YK-SQF,Gov of Syria,Yakovlev Yak-40K,YK40,Gov,,,,
77CE27,YK-SQG,Gov of Syria,Yakovlev Yak-40K,YK40,Gov,,,,
7AA30B,B-4074,Chinese Air Force,Xian Y-7G,AN24,Mil,,,,
7C2AA9,VH-IPN,Royal Australian Air Force Museum,CAC CA-27 Sabre Mk32,F86,Mil,,,,
7C4270,VH-NEQ,AirMed Australia,Cessna Citation Mustang,C510,Civ,,,,
7C446E,VH-NSW,State of NSW Spatial Services,Cessna 421 Golden Eagle,C421,Gov,,,,
7C4991,VH-OTF,Royal Australian Air Force Museum,The Vintage Aviator R.E.8 Reproduction,ZZZZ,Mil,,,,
7C4F1F,VH-PWX,AirMed Australia,Cessna Citation Mustang,C510,Civ,,,,
7C66F8,VH-UMI,Royal Australian Air Force,de Havilland Moth DH.60M,DH60,Mil,,,,
7C7181,VH-WPF,Western Australia Police Force,Gippsland GA-8 TC-320 Airvan,GA8,Pol,,,,
7CF8C6,A44-202,Royal Australian Air Force,Boeing F/A-18F Super Hornet,F18S,Mil,,,,
80169F,VT-AKV,Reliance Commercial Dealers Ltd,Boeing 737MAX 9 BBJ,B39M,Civ,,,,
87C31D,9906,Japan Maritime Self-Defense Force,ShinMaywa US-2,US2,Mil,,,,
87C83D,9906,Japan Maritime Self-Defense Force,ShinMaywa US-2,US2,Mil,,,,
894011,A9C-BDF,Bahrain Defence Force,Avro 146-RJ85,RJ85,Gov,,,,
894016,A9C-HWR,Bahrain Defence Force,Avro 146-RJ85,RJ85,Gov,,,,
894042,A9C-AWL,Bahrain Defence Force,Avro 146-RJ100,RJ1H,Gov,,,,
89404D,A9C-HMH,Bahrain Amiri Flight,Boeing 767-ER,B764,Gov,,,,
8961DB,A6-RJ1,Dubai Air Wing,Avro 146-RJ85,RJ85,Gov,,,,
8961DC,A6-RJ2,Dubai Air Wing,Avro 146-RJ85,RJ85,Gov,,,,
8964C9,A6-PFE,Abu Dhabi Amiri Flight,Boeing 787-BBJ,B789,Gov,,,,
896571,A6-PFG,Abu Dhabi Amiri Flight,Boeing 787-BBJ,B789,Gov,,,,
896572,A6-PFH,Abu Dhabi Amiri Flight,Boeing 787-BBJ,B789,Gov,,,,
8A06EB,T-2602,Indonesian Navy,Beechcraft G58 Baron,BE58,Mil,,,,
A001E0,N1VC,Commemorative Air Force,Mikoyan-Gurevich MiG-17,MG17,Civ,,,,
A005F0,N100NR,Private,Jonker JS-1C Revelation,GLID,Civ,,,,
A00E0E,N102VS,Calspan Corporation,Learjet 25B,LJ25,Civ,,,,
A02A6D,N11FX,The Flying Bulls,Bell Cobra TAH-1F,HUCO,Civ,,,,
A02B6E,N11SD,Harris County Sheriff's Office,Cirrus SR-22,SR22,Pol,,,,
A046CB,N117GA,Berlin Airlift Historical Foundation,Boeing C-97G Stratofreighter,C97,Civ,,,,
A04A91,N118GR,Private,Thorp T-18,T18,Civ,,,,
A05291,N12NM,Private,Zivko Edge 540K,EDGE,Civ,,,,
A0587F,N121MC,Private,Stinson Sentinel L-5,L5,Civ,,,,
A05C54,N122NH,Private,Jonker JS-3 Rapture,GLID,Civ,,,,
A05E57,N1226N,Commemorative Air Force,Curtiss P-40N Kittyhawk,P40,Civ,,,,
A062C7,N124CG,Private,Schleicher ASW 24,AS24,Civ,,,,
A062E6,N124DN,Aviation Specialty Services,Cessna 337 Super Skymaster,C337,Civ,,,,
A06F0A,N127PT,Express Air Medical Transport,IAI 1124 Westwind,WW24,Civ,,,,
A07029,T-550,Uruguayan Air Force,Embraer EMB 120RT,E120,Gov,,,,
A07300,N128SF,Win Aviation,Beech Model 99,BE99,Civ,,,,
A07C86,N130PR,Puerto Rico Police Dept,Raytheon Baron G58,BE58,Pol,,,,
A08BBA,N134TD,Private,Beechcraft T-34B,T34P,Civ,,,,
A0A36D,N140HP,California Highway Patrol,Gippsland GA-8 TC-320 Airvan,GA8,Civ,,,,
A0A557,N1402J,Peruvian Coast Guard,Lake Renegade LA-250,LA25,Gov,Maritime Patrol,,,
A0B961,N146EC,BULLDOG146LLC,Scottish Aviation Series 100 Model 101 Bulldog,BDOG,Civ,,,,
A0C7D4,N14999,Private,Lockheed Electra Junior L12A,L12,Civ,,,,
A0CA9D,N150EK,Private,WACO YMF-5C,WACF,Civ,,,,
A0E924,N158NS,Norfolk Southern Railway,Embraer Praetor 500,E545,Civ,,,,
A0ECDB,N159NS,Norfolk Southern Railway,Embraer Praetor 500,E545,Civ,,,,
A0F0E5,N16S,Private,Beech Staggerwing D17S,BE17,Civ,,,,
A0FA0C,N162KQ,Metrea,Quest Aircraft Company Kodiak 100,KODI,Civ,,,,
A0FEBA,N977V,TBC,Beech 95-C55 Baron,BE95,Civ,,,,
A10FE4,N168FA,Black Op Holding,SIAI Marchetti S.211,S211,Civ,,,,
A11999,N170EH,Honeywell International,Embraer EMB-170 LR,E170,Civ,,,,
A11FB3,N1713P,Red Star Aero Services LLC,WSK Lim-5,MG17,Civ,,,,
A123D1,N1726M,Private,WSK Lim-5,MG17,Civ,,,,
A12AB7,N1742R,Private,North American T-28D Trojan,T28,Civ,,,,
A1320E,N17613,Private,Spartan Aircraft Executive 7W,SP7,Civ,,,,
A13210,N17615,Private,Spartan Aircraft Executive 7W,SP7,Civ,,,,
A1402E,N18V,Private,Beech Staggerwing UC-43BH,BE17,Civ,,,,
A1436B,N18028,Private,Beech Staggerwing D17S,BE17,Civ,,,,
A148AD,N182FX,Private,Fleet M-62A-3 Cornell II,FA62,Civ,,,,
A1523E,N1842Z,Vermont Skydiving Adventures,Cessna 210 Centurion,C210,Civ,,,,
A169D7,N190TC,General Atomics,MQ-9B SkyGuardian,Q9,Mil,,,,
A16EE5,N19146,Private,Fairchild F-24 G,FA24,Civ,,,,
A179D9,N1943S,Private,Stinson Reliant AT-19,RELI,Civ,,,,
A179F0,N1944E,Choice Aviation LLC,Cessna 340 Super,C340,Civ,,,,
A19B53,N202VG,Virgin Galactic,Spaceship Two,SS2,Civ,,,,
A1A93D,N206KQ,Metrea,Quest Aircraft Company Kodiak 100,KODI,Civ,,,,
A1B998,N210AX,Keystone Aerial Surveys,Cessna T210N Turbo Centurion,T210,Civ,,,,
A1BD38,N211,Experimental Aircraft Association,Spirit of St. Louis,ZZZZ,Civ,,,,
A1BECD,N211SD,S211,SIAI-Marchetti S 211,S211,Civ,,,,
A1D023,N216DM,Private,Fouga Magister CM170,FOUG,Civ,,,,
A1D51B,NX217SH,Fighterjets,Mikoyan-Gurevich MiG-17F,MG17,Civ,,,,
A1ED71,N223PF,Scout Aerospace,Pipistrel Alpha Trainer,PIAT,Civ,,,,
A1F7AA,N226DV,Private,Stolp SA.300 Starduster Too,SA30,Civ,,,,
A1FEF3,N228CH,Medical Air,SOCATA TBM 700B,TBM8,Civ,,,,
A22145,N2361,Private,Stolp SA.300 Starduster Too,SA30,Civ,,,,
A22ADF,N239KQ,Idaho Transportation Department,Quest Kodiak 100,K100,Gov,,,,
A22E8A,N24KC,Private,Zivko Edge 540A,EDGE,Civ,,,,
A230BE,N240HR,NASA,Vanilla Aircraft LLCVA001,ZZZZ,Gov,,,,
A25188,N249BA,Boeing,Boeing 747 Dreamlifter,BLCF,Civ,,,,
A2574B,N25Y,The Flying Bulls,Lockheed P-38 Lightning,P38,Civ,,,,
A25952,N250UT,Beta Air,Beta Air Alia-250,ZZZZ,Civ,,,,
A26A5E,N255DB,Private,Stinson Sentinel L-5,L5,Civ,,,,
A26B9C,N255RV,REVA Air Ambulance,Learjet 55,LJ55,Civ,,,,
A277B3,N2581B,Private,Stinson Sentinel OY-1,L5,Civ,,,,
A28582,N2613N,Private,Cessna C120,C120,Civ,,,,
A28784,N262MF,TSI Holdco,Legend Flyers ME 262-B1-A,ME62,Civ,,,,
A28934,N2623H,Walmart,Ercoupe 415-E,ERCO,Civ,,,,
A28A92,N263EM,Draken Intl,Aero L-159A ALCA,L159,Civ,,,,
A2AAA3,N271EM,Draken Intl,Aero L-159A ALCA,L159,Civ,,,,
A2B1D5,N273CB,Private,Beechcraft T-34,T34P,Civ,,,,
A2B211,N273EM,Draken Intl,Aero L-159A ALCA,L159,Civ,,,,
A2B5C8,N274EM,Draken Intl,Aero L-159E,L159,Civ,,,,
A2EA1E,N287XW,Private,BAC Jet Provost T.5,JPRO,Civ,,,,
A2F4E5,N29UB,Jared Isaacman,MIG-29UB,MG29,Civ,,,,
A3026F,N293UP,United Parcel Service,MD-11,MD11,Civ,,,,
A30FE0,N297EA,Erickson Aero Tanker,McDonnell Douglas DC-9 87,MD87,Civ,,,,
A31478,N298PA,Private,Schleicher ASG 32 Mi,A32P,Civ,,,,
A32022,N300JH,Fly Jive Fly,North American T-28B Trojan,T28,Civ,,,,
A3301A,N304VS,Calspan Corporation,Learjet 25G,LJ25,Civ,,,,
A345EA,N31QV,Moonrise Soaring,Schleicher ASH 31 MI,AS31,Civ,,,,
A34877,N310SX,Falcon Landing LLC,Not Yet Allocated,ZZZZ,Civ,,,,
A3494D,N3101A,Private,Cessna 170B,C170,Civ,,,,
A34E02,N3118K,North Carolina Wildlife Resources,Maule M-7,M7,Gov,,,,
A35221,N313BT,Early Birds Foundation,Vultee BT-13A Valiant,VALI,Civ,,,,
A35FC5,N3162M,Private,Piper PA-12,PA12,Civ,,,,
A364CC,N318CS,Textron Aviation,Cessna TTx,C240,Civ,,,,
A36B08,N3193G,Yankee Air Force,Boeing B-17G Flying Fortress,B17,Civ,,,,
A36C3A,N32CS,Private,CAC Boomerang CA-13,CA19,Civ,,,,
A37B7E,N323WW,Win Aviation,Short SD3-30,SH33,Civ,,,,
A380E6,N325AC,Aero Flite,Avro 146 RJ85,RJ85,Civ,,,,
A3AB62,N33543,Private,Stinson Reliant V-77,RELI,Civ,,,,
A3BBDF,N34KJ,Wright Wing Aviation,Beechcraft T-34,T34P,Civ,,,,
A3BC70,N34RD,Private,Rutan VariEze,VEZE,Civ,,,,
A3BD25,N34YK,Private,Beechcraft T-34B,T34P,Civ,,,,
A3CC9A,N344EM,Draken Intl,Aermacchi MB.339 CB,M339,Civ,,,,
A3CF1D,N3444Q,Keystone Aerial Surveys,Cessna 320E Skyknight,C320,Civ,,,,
A3DB76,N348EM,Draken Intl,Aermacchi MB.339 CB,M339,Civ,,,,
A3DC2A,N348MS,Virgin Galactic,White Knight Two,WHK2,Civ,,,,
A3EA1F,N351SL,Stratolauncher,Stratolauncher Roc,SLCH,Civ,,,,
A42299,N366AC,Aero Flite,Avro 146-RJ100,RJ1H,Civ,,,,
A42DCC,N369AS,Cape Aerial Tours,WACO YMF,WACF,Civ,,,,
A44360,N374HK,General Atomics,MQ-9B SkyGuardian,Q9,Mil,,,,
A4533A,N378TP,ETPC Aviation,Embraer Lineage 1000E,E190,Civ,,,,
A491E3,N394CM,Aero Air,Cessna Citation Mustang,C510,Civ,,,,
A495B7,N395DR,Express Air Medical Transport,Piper PA-42 Cheyenne III,PAY3,Civ,,,,
A4ACDF,N400CM,Aerial Surveys International,Piper PA-31T Cheyenne,PAY1,Civ,,,,
A4B06E,N401AX,Airborne Tactical Advantage,IAI F-21 Kfir C-2,KFIR,Civ,,,,
A4B425,N402AX,Airborne Tactical Advantage,IAI F-21 Kfir C2,KFIR,Civ,,,,
A4B7DC,N403AX,Airborne Tactical Advantage,IAI F-21 Kfir C2,KFIR,Civ,,,,
A4BDF0,N40402,Commemorative Air Force,Grumman TBM-3 Avenger,TBM,Civ,,,,
A4BF4A,N405AX,Airborne Tactical Advantage,IAI F-21 Kfir C-2,KFIR,Civ,,,,
A4C07A,N405PA,Phoenix Air,Embraer EMB 120ER,E120,Civ,,,,
A4C301,N406AX,Airborne Tactical Advantage,IAI F-21 Kfir,KFIR,Civ,,,,
A4C32B,N406CP,Calcasieu Parish Police Jury,Beech JU-21A Ute,U21,Pol,,,,
A4C6B8,N407AX,Airborne Tactical Advantage,IAI F-21 Kfir,KFIR,Civ,,,,
A4C929,N4071M,High Exposure,Piper PA-12,PA12,Civ,,,,
A4D566,N410PA,Phoenix Air,Embraer EMB 120RT,E120,Civ,,,,
A4E02D,N413KG,Eagle Mountain Intl Church,Beech E55 Baron,BE55,Civ,,,,
A4F2EB,N418M,Private,Stinson Junior SM-8A,ZZZZ,Civ,,,,
A4F465,N4181T,Keystone Aerial Surveys,Cessna 320D,C320,Civ,,,,
A4FB3C,N42WB,Mesa Police Dept,Cessna P210N Javelin,P210,Pol,,,,
A507F1,N423NA,NASA,Short C-23C,SH33,Gov,,,,
A50DDC,N4247V,Midwest Truxton International Inc,Sikorsky S-58T,S58T,Civ,,,,
A50E5C,N425BS,Spur Aviation Services,Cessna 425 Conquest I,C425,Civ,,,,
A5244B,N430NA,NASA,Short C-23,SH33,Gov,,,,
A549E7,N44SU,Private,Sukhoi Su-26 M,SU26,Civ,,,,
A54B09,N440EH,Surdex Corporation,Cessna 441 Conquest II,C441,Civ,,,,
A54F6B,N441MD,Keystone Aerial Surveys,Cessna 441 Conquest II,C441,Civ,,,,
A556DC,N443MG,Georgia Aviation Authority,Piper PA-44,PA44,Gov,,,,
A55C60,N4444C,Private,Cessna 190,C190,Civ,,,,
A56214,N446NA,NASA,Short C-23,SH33,Gov,,,,
A5679C,N44741,Commemorative Air Force,Naval Aircraft Factory N3N-3,N3N,Civ,,,,
A5782B,N4510,Private,Grob G-520 Egrett,EGRT,Civ,,,,
A59AE1,N460PA,Phoenix Air,Embraer EMB 120RT,E120,Civ,,,,
A5AD74,N465PA,Phoenix Air,Embraer EMB 120RT,E120,Civ,,,,
A5AEA1,N46502,Private,Ryan Recruit ST3-KR,PT22,Civ,,,,
A5C5FE,N471NA,Neptune Aviation Services,BAe 146 200,B462,Civ,,,,
A5CD6C,N473NA,Neptune Aviation Services,BAe 146-200 A,B462,Civ,,,,
A5D123,N474NA,Neptune Aviation Services,BAe 146 200,B462,Civ,,,,
A5DAB1,N4767,Private,Zivko Edge 540,EDGE,Civ,,,,
A5E57A,N4794N,ACTS Aviation,Vultee BT-13A Valiant,VALI,Civ,,,,
A5E76F,N48NC,Private,Schleicher ASH 31 Mi,AS31,Civ,,,,
A63A5D,N500EJ,Berlin Airlift Historical Foundation,Douglas C-54D,DC4,Civ,,,,
A641A1,N502CS,ISR Platforms,Cessna 337 Super Skymaster,C337,Civ,ISR,,,
A64B8C,N50429,The Flying Bulls,Fairchild PT-19,FA62,Civ,,,,
A64E14,N505SA,New Mexico State Police,Seabird Seeker SB7L-360A,SB7,Pol,,,,
A65179,N506NU,NASA,AeroVironmentAN/FQM-117b,UAV,Gov,,,,
A65530,N507NU,NASA,AeroVironmentAN/FQM-117b,UAV,Gov,,,,
A66E1C,N513RS,Yankee Air Force,WACO YMF-5,WACF,Civ,,,,
A68945,N520DM,Bear Defence,Grob G-520 Egrett,EGRT,Civ,,,,
A68959,N520EG,Private,Grob G-520 Egrett,EGRT,Civ,,,,
A692E1,N5221K,Private,Ryan Navion B,NAVI,Civ,,,,
A6AA76,N529B,Commemorative Air Force,Boeing B-29A-60-BN Superfortress,B29,Civ,,,,
A6BC9A,N533LP,FRG III,Pipistrel Alpha Trainer,PIAT,Civ,,,,
A6C946,N5361V,Philadelplhia Glider Council,Grob G103 Twin Astir,G103,Civ,,,,
A6D983,N540SG,Private,Zivko Edge 540,EDGE,Civ,,,,
A6E2A7,N5427,Private,Travel Air 4000,TVL4,Civ,,,,
A6FD98,N55FJ,Aeromedevac,Learjet 55,LJ55,Civ,,,,
A71331,N555NG,Private,Ryan Navion A,NAVI,Civ,,,,
A71508,N5555C,Private,Cessna 170A,C170,Civ,,,,
A76997,N577NA,NASA,Boeing 777 246ER,B772,Gov,,,,
A780ED,N5829D,County of Henrico VA,Piper PA-46,PA46,Gov,,,,
A79DB2,N590D,Private,Cessna O-2A Skymaster,C337,Civ,,,,
A7C4E6,N60A,5-State Helicopters Inc,Sikorsky UH-60A Black Hawk,UH60,Civ,,,,
A7D40F,N603TB,Lifetime Tax and Accounting,Rutan Defiant,DEFI,Civ,,,,
A7E4F1,N60795,National WASP WWII Museum,Vultee BT-13A Valiant,VALI,Civ,,,,
A7E9AD,N609LE,AgustaWestland Philadelphia,AgustaWestland AW609,B609,Civ,,,,
A7E9B0,N609LH,AgustaWestland Philadelphia,AgustaWestland AW609,B609,Civ,,,,
A7E9F4,N609PA,AgustaWestland Philadelphia,AgustaWestland AW609,B609,Civ,,,,
A7E9FB,N609PH,AgustaWestland Philadelphia,AgustaWestland AW609,B609,Civ,,,,
A7EDF1,N61RW,Sol Aerial Surveys,Cessna 320E Executive Skyknight,C320,Civ,,,,
A7F38F,N611MG,ISR Platforms,Cessna 337 Super Skymaster,C337,Civ,ISR,,,
A7F432,N611TV,Sky Helicopters,Robinson R66 Turbine Newscopter,R66,Civ,,,,
A811AD,N619RJ,Aeromedevac,Eclipse Aviation EA500,EA50,Civ,,,,
A815BF,N62V,Dynamic Avlease Inc,Beech U-21A Ute (A90-1),U21,Civ,,,,
A85052,N635AC,AeroFlite,BAe 146-300,B463,Civ,,,,
A87429,N644AT,Air Ambulance by Air Trek,Cessna Citation III,C650,Civ,,,,
A8787D,N645H,Private,Curtiss-Wright Travel Air 4000 E,TVL4,Civ,,,,
A88B11,N65HA,Louisiana Department of Wildlife and Fisheries,Quest Aircraft Company Kodiak 100,K100,Gov,,,,
A88CCC,N650AT,Air Ambulance by Air Trek,Cessna Citation VII,C650,Civ,,,,
A8CF4F,N667MB,REVA Air Ambulance,Learjet 55,LJ55,Civ,,,,
A90961,N68102,Blackbriar Aero,Grumman G-44 Widgeon,G44,Civ,,,,
A91DE9,N687HB,Inflight Medical Services International,Mitsubishi MU-2B -36,MU2,Civ,,,,
A9247C,N68884,Barren Creek,Helio HT-295 Courier,COUR,Civ,,,,
A92949,N69KL,The Flying Bulls,Sukhoi Su-29,SU29,Civ,,,,
A92A52,N69WA,Keystone Aerial Surveys,Cessna T210N Turbo Centurion,T210,Civ,,,,
A93195,N69158,Gullwing Aviation Holdings,Consolidated Vultee BT-15 Valiant,VALI,Civ,,,,
A93F88,N695Z,Sanborn Map Company,Gulfstream Jetprop Commander 695A,AC95,Civ,,,,
A947B9,N69745,Private,Stinson Reliant V-77,RELI,Civ,,,,
A94F8D,N69972,Docs Friends,Boeing B-29-70-BW Superfortress,B29,Civ,,,,
A95C79,N702F,Station Casinos,Boeing 737-MAX8-BBJ,B38M,Civ,,,,
A9697F,N7050F,Houston Police Department,Gippsaero GA-8 Airvan,GA8,Pol,,,,
A97C0C,N710,US Department of the Interior,Quest Kodiak 100,K100,Gov,,,,
A980DE,N711MG,Gulf Flight Inc.,Mikoyan Gurevich MiG-21,MG21,Civ,,,,
A9880C,N713JT,Private,Vought F4U-4 Corsair,CORS,Civ,,,,
A988EC,N713TS,Cactus Jack Airlines,Embraer Lineage 1000,E190,Civ,,,,
A99113,N71502,Private,Vultee BT-13B Valiant,VALI,Civ,,,,
A999DF,N718BA,Boeing,Boeing 747 Dreamlifter,BLCF,Civ,,,,
A9CB4B,N730CP,Aero Air,Cessna Citation M2,C25M,Civ,,,,
A9D64A,N733BA,Boeing Company,Boeing 737-MAX7-BBJ,B37M,Civ,,,,
A9F008,N73985,Los Angeles Fire Department,Bell 47G-3B-1,B47G,Gov,,,,
A9F04D,N74BC,Private,Velocity SE-RG,VELO,Civ,,,,
AA0CA7,N747BC,Boeing,Boeing 747 Dreamlifter,BLCF,Civ,,,,
AA198B,N75V,Dynamic Avlease Inc,Beech U-21A Ute (A90-1),U21,Civ,,,,
AA198E,N75VC,Sunshine Aero,NA Sabreliner,SBR1,Civ,,,,
AA19EF,N75Z,Dynamic Avlease Inc,Beech U-21A Ute (A90-1),U21,Civ,,,,
AA4395,N760X,Aerotechnics Aviation,MS.760 Paris,MS76,Civ,,,,
AA651D,N769Y,Private,Brunner-Winkle Bird CK,ZZZZ,Civ,,,,
AA688A,N77VA,Tom Cruise,Honda Jet,HDJT,Civ,,,,
AA84D4,N777UK,Leonard Blavatnik,Boeing 777-217ER,B772,Civ,,,,
AA90A0,N780BA,Boeing,Boeing 747 Dreamlifter,BLCF,Civ,,,,
AA955C,N781MM,Mandalay Resorts,Embraer Legacy 500,E550,Civ,,,,
AA9913,N782MM,Mandalay Resorts,Embraer Legacy 500,E550,Civ,,,,
AA9992,N782SP,Samaritans Purse,Douglas DC-8 72CF,DC87,Civ,,,,
AAA438,N785MM,Mandalay Resorts,Embraer Lineage 1000E,E190,Civ,,,,
AAC7F5,N794MA,Inflight Medical Services International,Mitsubishi MU-2B -60,MU2,Civ,,,,
AADE79,N8PJ,Faith Life Church Inc,Raytheon 390,PRM1,Civ,,,,
AAEE31,N803NC,North Carolina Forest Service,Kodiak 100,K100,Gov,,,,
AB1270,N812SX,Falcon Landing LLC,Not Yet Allocated,ZZZZ,Civ,,,,
AB14A2,N813BH,1st Choice Solutions,Lockwood Aircam,ACAM,Civ,,,,
AB2764,N818DE,Mt Gilead Full Gospel International Ministries,Cessna 650 Citation,C650,Civ,,,,
AB2F19,N82GA,CAF Airpower Museum,Douglas SBD-5 Dauntless,SBD,Civ,,,,
AB3C55,N823DK,Private,IAR IAR-823,IR23,Civ,,,,
AB4EEA,N828DM,Private,Christen Eagle II,EAGL,Civ,,,,
AB63B9,N833CH,Private,Beech Staggerwing D17S,BE17,Civ,,,,
AB6C11,N835MS,Private,Rutan Long-EZ,LGEZ,Civ,,,,
AB817F,N840SX,Falcon Landing LLC,Not Yet Allocated,ZZZZ,Civ,,,,
AB8265,N8401S,Private,Lake Renegade LA-250,LA25,Civ,,,,
AB8326,N8407,Experimental Aircraft Association,Ford 4-AT-E Trimotor,TRIM,Civ,,,,
AB9639,N846AX,Omni Air International,Boeing 777 2U8ER,B772,Civ,,,,
ABAB9D,N851FS,Seminole Boosters Inc.,Cessna Citation CJ2,C25A,Civ,,,,
ABBECF,N856NA,NASA,AeromotAMT-200S TG-14A Super Ximango,RF10,Gov,,,,
ABE924,N867DA,The Arizona Cardinals,Boeing 777,B772,Civ,,,,
ABF602,N87WS,Keystone Aerial Surveys,Cessna 441 Conquest II,C441,Civ,,,,
ABF8B4,N8700F,Houston Police Department,Schweizer 269 C,H269,Pol,,,,
AC225D,N881JJ,Five Guys Enterprises,Gulfstream G450,G450,Civ,,,,
AC29D3,N883JS,Private,Jonker JS-3 Rapture Electric Sailplane,JS3E,Civ,,,,
AC2DC7,N884MC,Chevron USA,Embraer Praetor 600,E550,Civ,,,,
AC606C,N897MD,Aero Air,Cessna Citation M2,C25M,Civ,,,,
AC6819,N899PS,Modular Solutions,Hester Walker WH-4 Harpoon,WH4,Civ,,,,
AC6C53,N9UY,Private,Schempp-Hirth Ventus 2CM,VENT,Civ,,,,
AC877F,N906WW,Win Aviation,Short 330,SH33,Civ,,,,
AC964C,N91WF,Louisiana Department of Wildlife and Fisheries,Kodiak Aircraft Kodiak 100,K100,Gov,,,,
AC9DF5,N9119,Biplane Rides of America,New Standard D-25,D25,Civ,,,,
ACA128,N9125H,Private,Howard DG-15P,DG15,Civ,,,,
ACA270,N913GK,Private,Jonker JS-3 Rapture,GLID,Civ,,,,
ACA743,N914TU,Meyer Aircraft,Lockwood Aircam,ACAM,Civ,,,,
ACA778,N914VX,Private,Celier Xenon IV,XNON,Civ,,,,
ACB129,NX917F,Red Star Aero Services LLC,Mikoyan-Gurevich MiG-17,MG17,Civ,,,,
ACBB1C,N91945,Marine Aviation Museum,Douglas AD-4NA Skyraider,A1,Civ,,,,
ACD5A1,N926NA,NASA,Martin/General Dynamics WB-57F Canberra,WB57,Gov,,,,
ACD958,N927NA,NASA,Martin/General Dynamics WB-57F Canberra,WB57,Gov,,,,
ACDD0F,N928NA,NASA,Martin/General Dynamics WB-57F Canberra,WB57,Gov,,,,
ACDD88,N928SX,Falcon Landing LLC,Not Yet Allocated,ZZZZ,Civ,,,,
ACE34F,N93,Unknown Owner,Vultee BT-13A Valiant,VALI,Civ,,,,
ACE73A,N930SA,Spectrum Medical Aviation Inc Trustee,SOCATA TBM 930,TBM9,Civ,,,,
ACE97A,N931BA,Private,ICON A5,A5,Civ,,,,
ACEFF0,N9323Z,Commemorative Air Force,Boeing B-17G Flying Fortress,B17,Civ,,,,
AD0B27,N94DN,Spur Aviation Services,de Havilland Canada DHC-2 Beaver (Turbo),DH2T,Civ,,,,
AD0EEA,N940U,Sanborn Map Company,Rockwell Turbo Commander 680W,AC80,Civ,,,,
AD120C,N941NA,NASA,Boeing 377-SGT-201,SGUP,Gov,,,,
AD1B6F,N94352,Private,ERCO Ercoupe 415-C,ERCO,Civ,,,,
AD251E,N946TC,Chick-Fil-A,Embraer Praetor 600,E550,Civ,,,,
AD2D55,N94804,Private,Ercoupe 415-E,ERCO,Civ,,,,
AD46BF,N9546T,Aerographics (DOJ),Cessna 210 Centurion,C210,Gov,,,,
AD63CB,N962CE,Everts Air Cargo,McDonnell Douglas MD80,MD83,Civ,,,,
AD77D3,N967TC,Chick-Fil-A,Embraer Praetor 500,E545,Civ,,,,
AD82FB,N97TF,Terell Enterprises,Lake LA-250 Renegade,LA25,Civ,,,,
AD84BA,N970MB,Sky High Leasing LLC,Kaman K-1200 K-Max,KMAX,Civ,,,,
AD9EC7,N977MP,Martin's Famous Pastry Shoppe,Cessna 441 Conquest,C441,Civ,,,,
ADA776,N9790K,Private,Stinson 108,S108,Civ,,,,
ADD4B2,N990XB,Boom Technology,Boom XB-1,XB1,Civ,,,,
ADD6B1,N991DM,The Flying Bulls,Cessna 337 Skymaster,C337,Civ,,,,
ADE8EC,N996,Marine Aviation Museum,Mikoyan Gurevich MiG-15,MG15,Civ,,,,
ADFE8A,61-2666,USAF,Boeing NC-135W,C135,Mil,,,,
AE08D5,61-2670,USAF,Boeing OC-135B,C135,Mil,,,,
AE08D6,61-2672,USAF,Boeing OC-135B,C135,Mil,,,,
AE0941,61-2667,USAF,Boeing WC-135W,C135,Mil,,,,
AE13E5,62-3582,USAF,Boeing WC-135C,C135,Mil,,,,
AE1762,166760,United States Marine Corps,Bell Textron AH-1Z Viper,SUCO,Mil,,,,
AE176F,166768,United States Marine Corps,Bell Textron UH-1Y Venom,UH1Y,Mil,,,,
AE1817,167806,United States Marine Corps,Bell Textron UH-1Y Venom,UH1Y,Mil,,,,
AE1818,167807,United States Marine Corps,Bell Textron UH-1Y Venom,UH1Y,Mil,,,,
AE20FD,166946,United Stats Navy,Boeing EA-18G Growler,F18S,Mil,Electronic Warfare,,,
AE2211,84-0048,USAF,DHC E-9A,DH8A,Mil,,,,
AE27A6,84-0047,USAF,DHC E-9A,DH8A,Mil,,,,
AE5026,167792,USAF,Bell MQ-8B,UAV,Mil,,,,
AE5FA5,19-46058,USAF,Boeing KC-46A Pegasus,KC46,Mil,,,,
AE6D75,21-7002,USAF,Boeing-Saab T-7 Red Hawk,BT7,Mil,,,,
C0010A,C-FAKF,Private,AutoGyro Europe Cavalon,CLON,Civ,,,,
C005E9,C-FCGE,PAL Aerospace,DHC-8-102A,DH8A,Civ,,,,
C02E82,C-FRPX,SkyCare Air Ambulance,Swearingen Merlin,SW2,Civ,,,,
C02F67,C-FRYS,McCain Foods,Learjet 75,LJ75,Civ,,,,
C03480,C-FTWX,Top Aces Inc,Israel Aircraft Industries 1124 Westwind,WW24,Civ,,,,
C03D1A,C-FXDP,SkyCare Air Ambulance,IAI 1124 Westwind,WW24,Civ,,,,
C04605,C-GANK,United Nations,DHC-8-100,DH8A,Gov,,,,
C04B8E,C-GCPX,SkyCare Air Ambulance,Swearingen Merlin,SW2,Civ,,,,
C058DE,C-GHQZ,United Nations,DHC-8-100,DH8A,Gov,,,,
C059DF,C-GIAW,SkyCare Air Ambulance,IAI 1124 Westwind,WW24,Civ,,,,
C065E7,C-GMPI,Royal Canadian Mounted Police,Quest Aircraft Company Kodiak 100,KODI,Pol,,,,
C07DD7,C-GVRA,Canadian Warplane Heritage,Avro Lancaster MK X,LANC,Mil,,,,
E20086,GN-816,Argentine Federal Police,SOCATA TBM 700B,TBM8,Pol,,,,
E47D2A,PT-MGS,State Gov of Minas Gerais,Cessna Citation VII,C650,Gov,,,,
E482D0,PR-ERR,State Gov of Roraima,Learjet 55C,LJ55,Gov,,,,
E49210,2853,Brazilian Air Force,Embraer KC-390,KC39,Mil,,,,
E494A3,FAB2855,Brazilian Air Force,Embraer KC-390,KC39,Mil,,,,
E80642,921,Chilean Air Force,Boeing 737-58N,B735,Mil,,,,
E850DE,PNE-222,Ecuadorian National Police,Piper PA-34 200T,PA34,Pol,,,,
E8C233,AE563,Peruvian Navy,Fokker F60,F60,Mil,,,,
E8C235,AE565,Peruvian Navy,Fokker F60,F60,Mil,,,,
E8C236,AE566,Peruvian Navy,Fokker F60,F60,Mil,,,,
E90546,CX-CBS,Government of Uruguay,Hawker Siddeley 125 600A,H25A,Gov,,,,
E90E0E,CX-MIE,Uruguay Police,Robinson R66,R66,Pol,,,,
